{
    "2016": {
        "01": {
            "calories": 1635.6129032258063, 
            "count": 31.0, 
            "distance": 1532.5483870967741, 
            "steps": 5032.354838709677
        }, 
        "02": {
            "calories": 1646.5862068965516, 
            "count": 29.0, 
            "distance": 1529.7931034482758, 
            "steps": 4865.275862068966
        }, 
        "03": {
            "calories": 1647.8709677419354, 
            "count": 31.0, 
            "distance": 1619.967741935484, 
            "steps": 4854.709677419355
        }, 
        "04": {
            "calories": 1330.1666666666667, 
            "count": 30.0, 
            "distance": 1371.5333333333333, 
            "steps": 3350.1666666666665
        }, 
        "05": {
            "calories": 1093.8709677419354, 
            "count": 31.0, 
            "distance": 1643.258064516129, 
            "steps": 2529.967741935484
        }, 
        "06": {
            "calories": 1060.4, 
            "count": 30.0, 
            "distance": 2457.866666666667, 
            "steps": 4350.633333333333
        }, 
        "07": {
            "calories": 1152.774193548387, 
            "count": 31.0, 
            "distance": 3718.967741935484, 
            "steps": 5879.967741935484
        }, 
        "08": {
            "calories": 898.3548387096774, 
            "count": 31.0, 
            "distance": 3238.1290322580644, 
            "steps": 6076.032258064516
        }, 
        "09": {
            "calories": 1672.0666666666666, 
            "count": 30.0, 
            "distance": 2371.3, 
            "steps": 4798.066666666667
        }, 
        "10": {
            "calories": 1668.8709677419354, 
            "count": 31.0, 
            "distance": 2615.967741935484, 
            "steps": 4790.354838709677
        }, 
        "11": {
            "calories": 1519.4666666666667, 
            "count": 30.0, 
            "distance": 1825.0666666666666, 
            "steps": 3157.6666666666665
        }, 
        "12": {
            "calories": 1061.4516129032259, 
            "count": 31.0, 
            "distance": 1301.4516129032259, 
            "steps": 1968.9032258064517
        }
    }, 
    "2017": {
        "01": {
            "calories": 1130.8387096774193, 
            "count": 31.0, 
            "distance": 2219.7419354838707, 
            "steps": 3361.2258064516127
        }, 
        "02": {
            "calories": 1104.2857142857142, 
            "count": 28.0, 
            "distance": 2477.8214285714284, 
            "steps": 3998.1428571428573
        }, 
        "03": {
            "calories": 1074.0645161290322, 
            "count": 31.0, 
            "distance": 2477.032258064516, 
            "steps": 3433.483870967742
        }, 
        "04": {
            "calories": 1010.2333333333333, 
            "count": 30.0, 
            "distance": 1599.2333333333333, 
            "steps": 3020.0666666666666
        }, 
        "05": {
            "calories": 1469.2903225806451, 
            "count": 31.0, 
            "distance": 904.1612903225806, 
            "steps": 1817.0645161290322
        }, 
        "06": {
            "calories": 1610.2666666666667, 
            "count": 30.0, 
            "distance": 986.7, 
            "steps": 1490.6333333333334
        }, 
        "07": {
            "calories": 1528.1935483870968, 
            "count": 31.0, 
            "distance": 759.0967741935484, 
            "steps": 1950.1612903225807
        }, 
        "08": {
            "calories": 1233.8709677419354, 
            "count": 31.0, 
            "distance": 1792.967741935484, 
            "steps": 4347.870967741936
        }, 
        "09": {
            "calories": 1271.8, 
            "count": 30.0, 
            "distance": 2036.7666666666667, 
            "steps": 4627.566666666667
        }, 
        "10": {
            "calories": 1408.5483870967741, 
            "count": 31.0, 
            "distance": 1841.7096774193549, 
            "steps": 4379.5161290322585
        }, 
        "11": {
            "calories": 1747.6666666666667, 
            "count": 30.0, 
            "distance": 2575.366666666667, 
            "steps": 4071.7
        }, 
        "12": {
            "calories": 1794.9375, 
            "count": 16.0, 
            "distance": 3279.5, 
            "steps": 7447.625
        }
    }
}