{
    "2016": {
        "01": {
            "calories": 4.645161290322581, 
            "count": 31.0, 
            "distance": 2.096774193548387, 
            "total": 6.741935483870968
        }, 
        "02": {
            "calories": 4.689655172413793, 
            "count": 29.0, 
            "distance": 2.0344827586206895, 
            "total": 6.724137931034482
        }, 
        "03": {
            "calories": 4.67741935483871, 
            "count": 31.0, 
            "distance": 2.064516129032258, 
            "total": 6.741935483870968
        }, 
        "04": {
            "calories": 3.6666666666666665, 
            "count": 30.0, 
            "distance": 1.9333333333333333, 
            "total": 5.6
        }, 
        "05": {
            "calories": 3.225806451612903, 
            "count": 31.0, 
            "distance": 2.096774193548387, 
            "total": 5.32258064516129
        }, 
        "06": {
            "calories": 3.1666666666666665, 
            "count": 30.0, 
            "distance": 2.8666666666666667, 
            "total": 6.033333333333333
        }, 
        "07": {
            "calories": 3.3225806451612905, 
            "count": 31.0, 
            "distance": 3.2580645161290325, 
            "total": 6.580645161290323
        }, 
        "08": {
            "calories": 2.7096774193548385, 
            "count": 31.0, 
            "distance": 3.6774193548387095, 
            "total": 6.387096774193548
        }, 
        "09": {
            "calories": 4.866666666666666, 
            "count": 30.0, 
            "distance": 2.8666666666666667, 
            "total": 7.7333333333333325
        }, 
        "10": {
            "calories": 4.870967741935484, 
            "count": 31.0, 
            "distance": 3.064516129032258, 
            "total": 7.935483870967742
        }, 
        "11": {
            "calories": 4.366666666666666, 
            "count": 30.0, 
            "distance": 2.3333333333333335, 
            "total": 6.699999999999999
        }, 
        "12": {
            "calories": 3.096774193548387, 
            "count": 31.0, 
            "distance": 1.8387096774193548, 
            "total": 4.935483870967742
        }
    }, 
    "2017": {
        "01": {
            "calories": 3.3225806451612905, 
            "count": 31.0, 
            "distance": 2.5483870967741935, 
            "total": 5.870967741935484
        }, 
        "02": {
            "calories": 3.1785714285714284, 
            "count": 28.0, 
            "distance": 2.857142857142857, 
            "total": 6.035714285714286
        }, 
        "03": {
            "calories": 3.193548387096774, 
            "count": 31.0, 
            "distance": 2.5483870967741935, 
            "total": 5.741935483870968
        }, 
        "04": {
            "calories": 3.033333333333333, 
            "count": 30.0, 
            "distance": 2.2333333333333334, 
            "total": 5.266666666666667
        }, 
        "05": {
            "calories": 4.096774193548387, 
            "count": 31.0, 
            "distance": 1.5161290322580645, 
            "total": 5.612903225806452
        }, 
        "06": {
            "calories": 4.366666666666666, 
            "count": 30.0, 
            "distance": 1.5, 
            "total": 5.866666666666666
        }, 
        "07": {
            "calories": 4.32258064516129, 
            "count": 31.0, 
            "distance": 1.2903225806451613, 
            "total": 5.612903225806451
        }, 
        "08": {
            "calories": 3.6774193548387095, 
            "count": 31.0, 
            "distance": 2.193548387096774, 
            "total": 5.870967741935484
        }, 
        "09": {
            "calories": 3.6666666666666665, 
            "count": 30.0, 
            "distance": 2.433333333333333, 
            "total": 6.1
        }, 
        "10": {
            "calories": 4.096774193548387, 
            "count": 31.0, 
            "distance": 2.2903225806451615, 
            "total": 6.387096774193548
        }, 
        "11": {
            "calories": 4.966666666666667, 
            "count": 30.0, 
            "distance": 3.066666666666667, 
            "total": 8.033333333333333
        }, 
        "12": {
            "calories": 4.875, 
            "count": 16.0, 
            "distance": 3.0, 
            "total": 7.875
        }
    }
}